Accession,Exclusion
AAM_KAG0250091.1,No
AAM_KAG0253715.1,Yes
AAM_KAG0254093.1,No
AAM_KAG0255110.1,No
AAM_KAG0259609.1,No
AAM_KAG0265510.1,No
AAM_KAG0266782.1,No
AAM_KAG0267671.1,Yes
AAM_KAG0267954.1,Yes
AAM_KAG0269345.1,No
AAM_KAG0269426.1,No
AAM_KAG0269909.1,No
AAM_KAG0270108.1,Yes
AAM_KAG0270168.1,No
AMA_KNE56460.1,No
AMA_KNE57112.1,Yes
AMA_KNE57256.1,No
AMA_KNE57654.1,No
AMA_KNE60532.1,No
AMA_KNE63000.1,No
AMA_KNE63623.1,Yes
AMA_KNE64010.1,No
AMA_KNE64458.1,No
AMA_KNE64459.1,No
AMA_KNE64826.1,Yes
AMA_KNE65319.1,No
AMA_KNE65989.1,No
AMA_KNE66441.1,No
AMA_KNE67063.1,Yes
AMA_KNE67274.1,No
AMA_KNE67520.1,Yes
AMA_KNE67760.1,Yes
AMA_KNE68021.1,Yes
AMA_KNE68163.1,Yes
AMA_KNE69454.1,No
AMA_KNE70306.1,Yes
AMA_KNE70308.1,Yes
AMA_KNE70703.1,No
AMA_KNE70713.1,No
AMA_KNE70714.1,No
AMA_KNE70730.1,No
AMA_KNE71340.1,No
AMA_KNE71399.1,Yes
AMA_KNE71480.1,No
AMA_KNE72130.1,No
AMA_KNE72191.1,Yes
ASP_KAF7965367.1,No
ASP_KAF7966275.1,No
ASP_KAF7966465.1,No
ASP_KAF7968172.1,No
ASP_KAF7968656.1,No
ASP_KAF7968782.1,No
ASP_KAF7970077.1,No
ASP_KAF7974465.1,No
ASP_KAF7974587.1,No
ASP_KAF7977175.1,No
ASP_KAF7977509.1,No
ASP_KAF7982086.1,No
ASP_KAF7982463.1,No
ASP_KAF7984636.1,No
ASP_KAF7984730.1,No
ASP_KAF7985088.1,No
BDE_XP_006675087.1,Yes
BDE_XP_006675417.1,Yes
BDE_XP_006675710.1,No
BDE_XP_006677255.1,No
BDE_XP_006678372.1,Yes
BDE_XP_006678447.1,No
BDE_XP_006679657.1,No
BDE_XP_006680002.1,No
BDE_XP_006680079.1,Yes
BDE_XP_006680319.1,No
BDE_XP_006680357.1,No
BDE_XP_006680710.1,No
BDE_XP_006681163.1,No
BDE_XP_006681639.1,No
BME_ORX64766.1,No
BME_ORX65011.1,No
BME_ORX77066.1,No
BME_ORX80292.1,No
BME_ORX81394.1,Yes
BME_ORX84354.1,No
BME_ORX88715.1,No
BME_ORX89384.1,No
BME_ORX89632.1,No
BME_ORX89687.1,Yes
BME_ORX89688.1,Yes
BME_ORX89689.1,Yes
BME_ORX90627.1,No
BME_ORX90684.1,No
BME_ORX91221.1,No
BME_ORX92127.1,Yes
BME_ORX92391.1,No
BME_ORX94271.1,No
BME_ORX96874.1,No
BME_ORX97418.1,No
BME_ORX98966.1,No
BME_ORY01541.1,No
BME_ORY01649.1,No
BME_ORY02122.1,No
BME_ORY07120.1,No
BME_ORY07591.1,No
CAL_XP_712590.2,Yes
CAL_XP_715565.1,No
CAL_XP_716031.2,No
CAL_XP_716044.2,No
CAL_XP_716451.2,No
CAL_XP_717199.2,Yes
CAL_XP_717780.1,No
CAL_XP_718229.2,No
CAL_XP_718821.2,No
CAL_XP_719839.2,No
CAL_XP_720987.2,No
CAL_XP_721399.1,No
CIM_XP_001242719.1,No
CIM_XP_001239597.2,No
CIM_XP_001240177.1,No
CIM_XP_001240680.2,No
CIM_XP_001241651.2,No
CIM_XP_001243407.1,No
CIM_XP_001243627.2,No
CIM_XP_001243901.1,Yes
CIM_XP_001244599.2,No
CIM_XP_001245948.2,No
CIM_XP_001246119.2,No
CIM_XP_001247031.1,No
CIM_XP_001247513.2,No
CIM_XP_001247644.1,Yes
CIM_XP_001247733.2,No
CIM_XP_001248721.1,No
CIM_XP_001248725.1,No
CMA_jgi_Corma2_609406_gw1.69.76.1,No
CMA_jgi_Corma2_611541_gw1.293.25.1,No
CMA_jgi_Corma2_687337_fgenesh1_kg.3___135___Locus19217v1rpkm0.22,No
CMA_jgi_Corma2_726355_estExt_fgenesh1_pg.C_90063,No
CMA_jgi_Corma2_726356_estExt_fgenesh1_pg.C_90064,No
CMA_jgi_Corma2_688422_fgenesh1_kg.12___33___Locus3344v2rpkm25.42,No
CMA_jgi_Corma2_767270_estExt_Genemark1.C_110064,No
CMA_jgi_Corma2_161367_CE161366_1091,No
CMA_jgi_Corma2_190015_CE190014_64,No
CMA_jgi_Corma2_736035_gm1.1687_g,No
CMA_jgi_Corma2_768404_estExt_Genemark1.C_300028,No
CMA_jgi_Corma2_274122_CE274121_2542,Yes
CMA_jgi_Corma2_691639_fgenesh1_kg.46___70___Locus13985v1rpkm0.83,No
CMA_jgi_Corma2_600737_gw1.48.24.1,No
CMA_jgi_Corma2_705297_fgenesh1_pg.50___48,Yes
CMA_jgi_Corma2_705663_fgenesh1_pg.59___12,Yes
CMA_jgi_Corma2_693352_fgenesh1_kg.72___14___Locus2091v1rpkm60.55,No
CMA_jgi_Corma2_730093_estExt_fgenesh1_pg.C_970001,Yes
CMA_jgi_Corma2_51158_CE51157_118,No
CMA_jgi_Corma2_694482_fgenesh1_kg.92___36___Locus8600v1rpkm5.63,No
CMA_jgi_Corma2_52288_CE52287_49,No
CMA_jgi_Corma2_72288_CE72287_434,No
CMA_jgi_Corma2_695956_fgenesh1_kg.122___29___Locus2613v2rpkm14.73,No
CMA_jgi_Corma2_631736_e_gw1.98.54.1,Yes
CMA_jgi_Corma2_70156_CE70155_2011,No
CMA_jgi_Corma2_716787_fgenesh1_pm.149___1,Yes
CMA_jgi_Corma2_607757_gw1.197.30.1,Yes
CMA_jgi_Corma2_697290_fgenesh1_kg.157___29___Locus5645v2rpkm11.83,No
CMA_jgi_Corma2_741081_gm1.6733_g,Yes
CMA_jgi_Corma2_723877_estExt_fgenesh1_pm.C_1700004,No
CMA_jgi_Corma2_195259_CE195258_1392,No
CMA_jgi_Corma2_773723_estExt_Genemark1.C_2050004,No
CMA_jgi_Corma2_742395_gm1.8047_g,No
CMA_jgi_Corma2_773738_estExt_Genemark1.C_2060006,Yes
CMA_jgi_Corma2_601274_gw1.210.33.1,No
CMA_jgi_Corma2_256807_CE256806_1154,No
CMA_jgi_Corma2_266982_CE266981_479,No
CMA_jgi_Corma2_717811_fgenesh1_pm.224___1,No
CMA_jgi_Corma2_245574_CE245573_4204,No
CMA_jgi_Corma2_710038_fgenesh1_pg.230___2,No
CMA_jgi_Corma2_277714_CE277713_1825,Yes
CMA_jgi_Corma2_733600_estExt_fgenesh1_pg.C_3190010,No
CMA_jgi_Corma2_368954_CE368953_6921,Yes
CMA_jgi_Corma2_758492_MIX13313_88_94,Yes
CMI_XP_006672063.1,No
CMI_XP_006673167.1,No
CMI_XP_006668751.1,No
CMI_XP_006672043.1,No
CMI_XP_006672055.1,No
CMI_XP_006665602.1,No
CMI_XP_006665720.1,No
CMI_XP_006666521.1,No
CMI_XP_006666604.1,Yes
CMI_XP_006667329.1,Yes
CMI_XP_006667390.1,No
CMI_XP_006667720.1,No
CMI_XP_006667961.1,No
CMI_XP_006668791.1,No
CMI_XP_006669213.1,Yes
CMI_XP_006669244.1,No
CMI_XP_006669283.1,No
CMI_XP_006669851.1,Yes
CMI_XP_006670771.1,No
CMI_XP_006671509.1,No
CMI_XP_006672231.1,No
CMI_XP_006673461.1,No
CMI_XP_006673590.1,No
CMI_XP_006674067.1,Yes
CMI_XP_006674427.1,No
CNE_XP_024512251.1,No
CNE_XP_024512359.1,Yes
CNE_XP_024513104.1,No
CNE_XP_024513522.1,No
CNE_XP_024513755.1,Yes
CNE_XP_568347.1,No
CNE_XP_572252.1,Yes
CNE_XP_572764.1,Yes
CPA_KAF3767202.1,No
CPA_KAF3762058.1,No
CPA_KAF3766717.1,No
CPA_KAF3762046.1,No
CPA_KAF3762168.1,No
CPA_KAF3762615.1,No
CPA_KAF3764225.1,No
CPA_KAF3764336.1,No
CPA_KAF3765894.1,No
CPA_KAF3767445.1,No
CPA_KAF3768918.1,No
CPA_KAF3768926.1,No
CPA_KAF3769046.1,No
CPA_KAF3769176.1,No
CPA_KAF3769786.1,No
CQU_KAG0140804.1,Yes
CQU_KAG0140974.1,No
CQU_KAG0141898.1,No
CQU_KAG0142163.1,No
CQU_KAG0142373.1,No
CQU_KAG0142973.1,No
CQU_KAG0142978.1,No
CQU_KAG0143667.1,Yes
CQU_KAG0147148.1,No
CQU_KAG0147246.1,No
CQU_KAG0147324.1,No
CQU_KAG0149799.1,Yes
CQU_KAG0150956.1,No
CRE_PIA12786.1,No
CRE_PIA12916.1,No
CRE_PIA13303.1,Yes
CRE_PIA13791.1,No
CRE_PIA13819.1,No
CRE_PIA14045.1,Yes
CRE_PIA14811.1,Yes
CRE_PIA15296.1,No
CRE_PIA16368.1,No
CRE_PIA17261.1,No
CRE_PIA18599.1,No
CRE_PIA18707.1,No
CRE_PIA19079.1,Yes
CRE_PIA19404.1,No
CRE_PIA19418.1,No
CRE_PIA19731.1,No
CTH_jgi_Conth1_326876_fgenesh1_pg.2___65,No
CTH_jgi_Conth1_345542_gm1.270_g,No
CTH_jgi_Conth1_362160_estExt_Genemark1.C_50073,No
CTH_jgi_Conth1_288377_e_gw1.27.18.1,No
CTH_jgi_Conth1_111940_CE111939_6267,No
CTH_jgi_Conth1_340885_estExt_fgenesh1_pg.C_380037,No
CTH_jgi_Conth1_341529_estExt_fgenesh1_pg.C_560009,No
CTH_jgi_Conth1_325303_fgenesh1_kg.128___3___Locus4300v1rpkm29.00,No
CTH_jgi_Conth1_325246_fgenesh1_kg.123___4___Locus7347v1rpkm6.51,No
CTH_jgi_Conth1_351263_gm1.5991_g,No
CTH_jgi_Conth1_325462_fgenesh1_kg.143___2___Locus7533v2rpkm0.47_PRE,Yes
CTH_jgi_Conth1_75378_CE75377_18618,No
CTH_jgi_Conth1_325948_fgenesh1_kg.213___5___Locus4115v1rpkm31.15,No
CTH_jgi_Conth1_344079_estExt_fgenesh1_pg.C_2060005,No
CTH_jgi_Conth1_368486_estExt_Genemark1.C_2950003,No
DDI_XP_001134481.1,No
DDI_XP_001134628.1,No
DDI_XP_001732967.1,No
DDI_XP_001732995.1,Yes
DDI_XP_628911.1,No
DDI_XP_629224.1,No
DDI_XP_629459.1,No
DDI_XP_629488.1,No
DDI_XP_629961.1,No
DDI_XP_635899.1,No
DDI_XP_635996.1,No
DDI_XP_636123.1,No
DDI_XP_636255.1,Yes
DDI_XP_636407.1,No
DDI_XP_636746.1,No
DDI_XP_637064.1,No
DDI_XP_637218.1,No
DDI_XP_637335.1,No
DDI_XP_637794.1,No
DDI_XP_638336.1,No
DDI_XP_638563.1,No
DDI_XP_638590.1,No
DDI_XP_640316.1,No
DDI_XP_640914.1,No
DDI_XP_641952.1,No
DDI_XP_642107.2,No
DDI_XP_642249.2,No
DDI_XP_642480.1,No
DDI_XP_643093.1,No
DDI_XP_643248.1,Yes
DDI_XP_643804.1,Yes
DDI_XP_644031.1,No
DDI_XP_644310.1,No
DDI_XP_644550.1,Yes
DDI_XP_644701.1,Yes
DDI_XP_644907.1,No
DDI_XP_645374.1,No
DDI_XP_645911.1,No
DDI_XP_646066.1,No
DDI_XP_646785.1,Yes
DDI_XP_647088.1,No
ECU_NP_585794.1,No
ECU_NP_586011.1,No
ECU_NP_586135.1,No
ECU_NP_586234.1,No
ECU_NP_597259.1,No
ECU_NP_597460.1,No
ECU_XP_955632.1,No
EFE_QPG98633.1,No
EFE_QPH09696.1,No
EFE_QPG94581.1,Yes
EFE_QPG94900.1,No
EFE_QPG95159.1,No
EFE_QPG96728.1,No
EFE_QPG96974.1,No
EFE_QPG97524.1,No
EFE_QPG97614.1,No
EFE_QPH00195.1,No
EFE_QPH02355.1,No
EFE_QPH05449.1,No
EFE_QPH06048.1,No
EFE_QPH06515.1,No
EFE_QPH09729.1,No
EFE_QPH10514.1,No
EFE_QPH11139.1,Yes
EFE_QPH11681.1,Yes
EFE_QPH16596.1,No
EMU_KAF7747203.1,No
EMU_KAF7726291.1,No
EMU_KAF7740976.1,Yes
EMU_KAF7741127.1,No
EMU_KAF7741567.1,No
EMU_KAF7741681.1,No
EMU_KAF7742572.1,No
EMU_KAF7743727.1,No
EMU_KAF7743872.1,No
EMU_KAF7744960.1,No
EMU_KAF7745105.1,No
EMU_KAF7745234.1,No
EMU_KAF7746583.1,No
EMU_KAF7746684.1,Yes
EMU_KAF7746750.1,No
EMU_KAF7749840.1,No
EMU_KAF7750154.1,Yes
EMU_KAF7750656.1,No
EMU_KAF7750675.1,No
EMU_KAF7751127.1,No
EMU_KAF7751565.1,No
EMU_KAF7751827.1,No
EMU_KAF7752073.1,No
EMU_KAF7752836.1,No
EMU_KAF7752899.1,No
EMU_KAF7753288.1,Yes
EMU_KAF7753844.1,Yes
EMU_KAF7755708.1,No
EMU_KAF7756331.1,No
EMU_KAF7757178.1,Yes
EMU_KAF7757647.1,No
EMU_KAF7757890.1,Yes
EMU_KAF7758238.1,No
EMU_KAF7758632.1,Yes
EMU_KAF7758816.1,Yes
EMU_KAF7759583.1,No
ENE_jgi_Erynec1_1238_EV44_g5175T0,No
ENE_jgi_Erynec1_3828_EV44_g0628T0,Yes
ENE_jgi_Erynec1_4417_EV44_g6356T0,No
ENE_jgi_Erynec1_4531_EV44_g0878T0,No
ENE_jgi_Erynec1_4681_EV44_g0110T0,Yes
ENE_jgi_Erynec1_519_EV44_g2638T0,No
ENE_jgi_Erynec1_5639_EV44_g5274T0,No
ENE_jgi_Erynec1_5864_EV44_g0491T0,No
ENE_jgi_Erynec1_5911_EV44_g0713T0,No
ENE_jgi_Erynec1_836_EV44_g3370T0,No
FAL_XP_009492763.1,No
FAL_XP_009493203.1,No
FAL_XP_009493562.1,No
FAL_XP_009493563.1,No
FAL_XP_009493870.1,No
FAL_XP_009495220.1,No
FAL_XP_009496017.1,No
FAL_XP_009496571.1,No
FAL_XP_009497872.1,No
FAL_XP_009498155.1,Yes
FFL_RSL42619.1,No
FFL_RSL43593.1,No
FFL_RSL45197.1,No
FFL_RSL46656.1,No
FFL_RSL54111.1,No
FFL_RSL54370.1,No
FFL_RSL55543.1,No
FFL_RSL61505.1,No
FFL_RSL63810.1,No
FFL_RSL67394.1,No
FFL_RSL67677.1,Yes
FFL_RSL69600.1,No
FFL_RSL71692.1,Yes
FFL_RSL75198.1,No
FFL_RSL75671.1,No
FFL_RSL75901.1,No
FFL_RSL76332.1,No
FFL_RSL76463.1,No
FFL_RSL77195.1,No
FFL_RSL77728.1,No
FFL_RSL78202.1,No
FFL_RSL78513.1,No
FFL_RSL79405.1,No
FFL_RSL80493.1,Yes
FFL_RSL81318.1,Yes
FFL_RSL81496.1,No
FFL_RSL81790.1,No
FFL_RSL82168.1,No
FFL_RSL82311.1,No
FFL_RSL83847.1,No
FFL_RSL84486.1,No
FFL_RSL84978.1,No
FFL_RSL85039.1,Yes
FFL_RSL85600.1,No
FFL_RSL85893.1,Yes
FFL_RSL86465.1,No
FFL_RSL86534.1,No
FFL_RSL86794.1,Yes
FFL_RSL87309.1,No
FFL_RSL87537.1,No
FFL_RSL89167.1,No
FFL_RSL90975.1,No
FFL_RSL91352.1,No
FOL_RSM10076.1,No
FOL_RSL91729.1,No
FOL_RSL80518.1,No
FOL_RSL83172.1,No
FOL_RSL85092.1,No
FOL_RSL87568.1,No
FOL_RSL89001.1,No
FOL_RSL90579.1,No
FOL_RSL93466.1,No
FOL_RSL93468.1,No
FOL_RSL94328.1,No
FOL_RSL95088.1,No
FOL_RSL98013.1,No
FOL_RSL98459.1,No
FOL_RSL99936.1,No
FOL_RSM00025.1,No
FOL_RSM00419.1,Yes
FOL_RSM01333.1,No
FOL_RSM03924.1,No
FOL_RSM05167.1,No
FOL_RSM05470.1,Yes
FOL_RSM05864.1,No
FOL_RSM06187.1,No
FOL_RSM06746.1,No
FOL_RSM07055.1,No
FOL_RSM07274.1,No
FOL_RSM09165.1,No
FOL_RSM09365.1,No
FOL_RSM09912.1,No
FOL_RSM11194.1,Yes
FOL_RSM12299.1,No
FOL_RSM13162.1,No
FOL_RSM13915.1,No
FOL_RSM14583.1,No
FOL_RSM15314.1,No
FOL_RSM15582.1,Yes
FOL_RSM16420.1,No
FPI_EPS93503.1,No
FPI_EPS93504.1,No
FPI_EPT04786.1,No
FPI_EPT04787.1,No
FPI_EPT04789.1,No
FPI_EPT04793.1,No
FPI_EPS93231.1,No
FPI_EPS93863.1,No
FPI_EPS93979.1,No
FPI_EPS95873.1,No
FPI_EPS97419.1,No
FPI_EPS97542.1,No
FPI_EPT00465.1,No
FPI_EPT00908.1,Yes
FPI_EPT00978.1,No
FPI_EPT02388.1,No
FPI_EPT03082.1,Yes
FPI_EPT04687.1,No
FPI_EPT05564.1,No
KPA_ANZ73303.1,No
KPA_ANZ73346.1,No
KPA_ANZ73955.1,No
KPA_ANZ75360.1,No
KPA_ANZ75361.1,No
KPA_ANZ76251.1,No
KPA_ANZ77215.1,No
KPA_ANZ77372.1,No
LGO_jgi_LeugonAS2_1_1852652_e_gw1.157.19.1,No
LGO_jgi_LeugonAS2_1_1862752_e_gw1.426.1.1,No
LGO_jgi_LeugonAS2_1_1934362_fgenesh1_kg.29___380___TRINITY_DN7585_c0_g3_i2,No
LGO_jgi_LeugonAS2_1_2032297_fgenesh1_kg.442___89___TRINITY_DN8821_c2_g4_i1,No
LGO_jgi_LeugonAS2_1_2142293_fgenesh1_pg.110___10,No
LGO_jgi_LeugonAS2_1_591107_CE591106_178308,No
LGO_jgi_LeugonAS2_1_718679_CE718678_13649,No
LGO_jgi_LeugonAS2_1_846020_CE846019_331,No
LGO_jgi_LeugonAS2_1_852456_CE852455_197,No
LGO_jgi_LeugonAS2_1_1926696_fgenesh1_kg.13___234___TRINITY_DN8821_c2_g2_i1,No
LGO_jgi_LeugonAS2_1_1926703_fgenesh1_kg.13___241___TRINITY_DN4965_c1_g2_i2,No
LGO_jgi_LeugonAS2_1_1931514_fgenesh1_kg.22___214___TRINITY_DN8651_c2_g5_i1,No
LGO_jgi_LeugonAS2_1_2001406_fgenesh1_kg.266___90___TRINITY_DN5968_c0_g1_i4,No
LGO_jgi_LeugonAS2_1_2001430_fgenesh1_kg.266___114___TRINITY_DN8814_c1_g2_i1,No
LGO_jgi_LeugonAS2_1_2020602_fgenesh1_kg.369___75___TRINITY_DN8651_c2_g5_i1,No
LGO_jgi_LeugonAS2_1_2032289_fgenesh1_kg.442___81___TRINITY_DN8821_c2_g4_i1,No
LGO_jgi_LeugonAS2_1_2140035_fgenesh1_pg.22___14,No
LGO_jgi_LeugonAS2_1_1150383_CE1150382_9278,No
LGO_jgi_LeugonAS2_1_1448156_CE1448155_1611,No
LGO_jgi_LeugonAS2_1_1857666_e_gw1.270.25.1,No
LGO_jgi_LeugonAS2_1_1869152_e_gw1.779.11.1,No
LGO_jgi_LeugonAS2_1_1869874_e_gw1.826.25.1,No
LGO_jgi_LeugonAS2_1_1938632_fgenesh1_kg.40___119___TRINITY_DN6455_c3_g2_i6,No
LGO_jgi_LeugonAS2_1_1993998_fgenesh1_kg.229___296___TRINITY_DN8651_c2_g5_i11,No
LGO_jgi_LeugonAS2_1_2100448_fgenesh1_kg.1293___8___TRINITY_DN6240_c0_g1_i16,No
LGO_jgi_LeugonAS2_1_2116438_estExt_Genewise1Plus.C_1260099,No
LGO_jgi_LeugonAS2_1_2146524_fgenesh1_pg.370___8,No
LGO_jgi_LeugonAS2_1_2166572_estExt_fgenesh1_pm.C_1060011,No
LGO_jgi_LeugonAS2_1_2241639_MIX38616_11839_38,No
LGO_jgi_LeugonAS2_1_2257759_MIX54736_2828_50,No
LGO_jgi_LeugonAS2_1_2366563_gm4.13906_g,No
LGO_jgi_LeugonAS2_1_2370695_gm4.18038_g,No
LGO_jgi_LeugonAS2_1_2390860_gm4.38203_g,No
LGO_jgi_LeugonAS2_1_54099_CE54098_5384,No
LGO_jgi_LeugonAS2_1_552818_CE552817_14648,No
LGO_jgi_LeugonAS2_1_606999_CE606998_28243,No
MAC_WP_011020738.1,No
MAC_WP_011024260.1,Yes
MAC_WP_011024271.1,No
MAN_KID61828.1,No
MAN_KID59956.1,No
MAN_KID64441.1,No
MAN_KID65291.1,No
MAN_KID65917.1,No
MAN_KID67022.1,No
MAN_KID60925.1,No
MAN_KID71615.1,No
MAN_KID59456.1,No
MAN_KID59482.1,No
MAN_KID60163.1,No
MAN_KID62637.1,No
MAN_KID63349.1,No
MAN_KID63415.1,No
MAN_KID63484.1,No
MAN_KID64474.1,No
MAN_KID65131.1,No
MAN_KID65606.1,No
MAN_KID66468.1,Yes
MAN_KID66610.1,No
MAN_KID67026.1,No
MAN_KID67419.1,No
MAN_KID67444.1,No
MAN_KID69471.1,No
MAN_KID69715.1,No
MAN_KID70620.1,No
MAN_KID71022.1,No
MAN_KID71466.1,No
MCI_L0F63_000736-T1,No
MCI_L0F63_000888-T1,No
MCI_L0F63_001385-T1,No
MCI_L0F63_001744-T1,No
MCI_L0F63_003997-T1,No
MCI_L0F63_004807-T1,No
MCI_L0F63_004952-T1,No
MCI_L0F63_005629-T1,No
MCI_L0F63_006455-T1,No
NCR_XP_959282.2,No
NCR_XP_011394293.1,No
NCR_XP_011394294.1,No
NCR_XP_011394413.1,No
NCR_XP_011395138.1,No
NCR_XP_011395294.1,No
NCR_XP_011395295.1,No
NCR_XP_956657.1,No
NCR_XP_956859.1,No
NCR_XP_958215.1,No
NCR_XP_959048.3,No
NCR_XP_959399.3,No
NCR_XP_959940.1,No
NCR_XP_960551.1,No
NCR_XP_960571.3,No
NCR_XP_960694.2,No
NCR_XP_963009.3,No
NCR_XP_963300.1,No
NCR_XP_963326.2,No
NCR_XP_963385.2,No
NCR_XP_963675.2,Yes
NCR_XP_963745.2,No
NCR_XP_964132.1,Yes
NCR_XP_964645.3,No
NCR_XP_964651.3,No
NCR_XP_965334.3,No
NSP_KAG0162075.1,No
NSP_KAG0163423.1,No
NSP_KAG0164593.1,No
NSP_KAG0165086.1,No
NSP_KAG0167337.1,No
NSP_KAG0169355.1,Yes
NSP_KAG0172126.1,No
NSP_KAG0173302.1,No
NSP_KAG0175419.1,No
OCA_KAF4594605.1,No
OCA_KAF4594860.1,No
OCA_KAF4582875.1,No
OCA_KAF4595874.1,No
OCA_KAF4595409.1,No
OCA_KAF4581069.1,No
OCA_KAF4582030.1,Yes
OCA_KAF4582303.1,No
OCA_KAF4582758.1,No
OCA_KAF4583157.1,No
OCA_KAF4585359.1,No
OCA_KAF4585970.1,No
OCA_KAF4587292.1,No
OCA_KAF4587329.1,No
OCA_KAF4587811.1,No
OCA_KAF4589123.1,No
OCA_KAF4589190.1,No
OCA_KAF4589328.1,No
OCA_KAF4589405.1,No
OCA_KAF4591586.1,No
OCA_KAF4591745.1,No
OCA_KAF4591854.1,No
OCA_KAF4591863.1,No
OCA_KAF4591979.1,No
OCA_KAF4592090.1,No
OCA_KAF4594709.1,No
OCA_KAF4595163.1,No
OCA_KAF4595509.1,No
OCA_KAF4589727.1,No
PCY_RKP11725.1,Yes
PCY_RKP12337.1,No
PCY_RKP13546.1,No
PCY_RKP14404.1,No
PEF_RQM08861.1,No
PEF_RQM09034.1,No
PEF_RQM09066.1,No
PEF_RQM09078.1,No
PEF_RQM09234.1,No
PEF_RQM09543.1,No
PEF_RQM09844.1,No
PEF_RQM10549.1,No
PEF_RQM10729.1,No
PEF_RQM11512.1,No
PEF_RQM11940.1,No
PEF_RQM12491.1,No
PEF_RQM13776.1,No
PEF_RQM14193.1,No
PEF_RQM14836.1,No
PEF_RQM14945.1,No
PEF_RQM14951.1,No
PEF_RQM15512.1,Yes
PEF_RQM15584.1,No
PEF_RQM15585.1,No
PEF_RQM15644.1,No
PEF_RQM15814.1,No
PEF_RQM16770.1,No
PEF_RQM16934.1,No
PEF_RQM17275.1,No
PEF_RQM17732.1,No
PEF_RQM18051.1,Yes
PEF_RQM18203.1,No
PEF_RQM18247.1,No
PEF_RQM18454.1,No
PEF_RQM18637.1,No
PEF_RQM18664.1,No
PEF_RQM18711.1,No
PEF_RQM18875.1,No
PFA_XP_001347427.1,No
PFA_XP_001347860.1,No
PFA_XP_001348438.1,No
PFA_XP_001348447.1,No
PFA_XP_001348459.1,No
PFA_XP_001348477.2,No
PFA_XP_001348675.1,No
PFA_XP_001348721.2,No
PFA_XP_001348726.1,No
PFA_XP_001348972.2,No
PFA_XP_001349062.1,No
PFA_XP_001349124.1,No
PFA_XP_001349765.1,Yes
PFA_XP_001349925.1,No
PFA_XP_001349983.1,Yes
PFA_XP_001350062.1,No
PFA_XP_001350111.1,No
PFA_XP_001350648.1,No
PFA_XP_001350996.2,No
PFA_XP_001351652.1,No
PFA_XP_001351743.1,No
PFA_XP_001351861.1,No
PFA_XP_001351911.1,No
PFA_XP_001351976.1,No
PFA_XP_966086.1,No
PFA_XP_966279.2,No
PFA_XP_966289.1,No
PGR_XP_003319581.2,Yes
PGR_XP_003319833.2,No
PGR_XP_003320256.1,No
PGR_XP_003320439.1,No
PGR_XP_003326990.1,No
PGR_XP_003330376.1,No
PGR_XP_003330646.2,No
PGR_XP_003334807.1,No
PIN_XP_002894977.1,No
PIN_XP_002895069.1,No
PIN_XP_002895664.1,Yes
PIN_XP_002895665.1,No
PIN_XP_002895871.1,No
PIN_XP_002895872.1,No
PIN_XP_002895873.1,No
PIN_XP_002895874.1,No
PIN_XP_002895877.1,No
PIN_XP_002896292.1,No
PIN_XP_002896340.1,No
PIN_XP_002896556.1,No
PIN_XP_002897119.1,No
PIN_XP_002897753.1,No
PIN_XP_002898044.1,Yes
PIN_XP_002898447.1,No
PIN_XP_002898653.1,No
PIN_XP_002898867.1,No
PIN_XP_002899521.1,No
PIN_XP_002899571.1,No
PIN_XP_002899847.1,Yes
PIN_XP_002900560.1,No
PIN_XP_002900615.1,No
PIN_XP_002900634.1,No
PIN_XP_002900636.1,Yes
PIN_XP_002900637.1,No
PIN_XP_002901349.1,Yes
PIN_XP_002901496.1,No
PIN_XP_002901497.1,No
PIN_XP_002901559.1,No
PIN_XP_002902113.1,No
PIN_XP_002902255.1,No
PIN_XP_002902523.1,No
PIN_XP_002902533.1,No
PIN_XP_002902825.1,No
PIN_XP_002903226.1,No
PIN_XP_002903623.1,No
PIN_XP_002904134.1,Yes
PIN_XP_002904184.1,No
PIN_XP_002904189.1,No
PIN_XP_002904356.1,Yes
PIN_XP_002905303.1,Yes
PIN_XP_002905561.1,No
PIN_XP_002905594.1,No
PIN_XP_002905942.1,No
PIN_XP_002906370.1,Yes
PIN_XP_002906408.1,No
PIN_XP_002906917.1,No
PIN_XP_002907733.1,No
PIN_XP_002907829.1,No
PIN_XP_002908506.1,No
PIN_XP_002908691.1,No
PIN_XP_002909032.1,No
PIN_XP_002909458.1,No
PIN_XP_002997541.1,Yes
PIN_XP_002997542.1,No
PIN_XP_002997818.1,No
PIN_XP_002997987.1,No
PIN_XP_002998318.1,No
PIN_XP_002998327.1,No
PIN_XP_002998493.1,No
PIN_XP_002998494.1,No
PIN_XP_002998495.1,No
PIN_XP_002998531.1,No
PIN_XP_002998950.1,Yes
PIN_XP_002999073.1,Yes
PIN_XP_002999087.1,No
PJI_XP_018230317.1,No
PJI_XP_018230501.1,No
PJI_XP_018231131.1,Yes
POR_XP_003716609.1,No
POR_XP_003720513.1,No
POR_XP_003714057.1,No
POR_XP_003717406.1,No
POR_XP_016845963.1,No
POR_XP_003708920.1,No
POR_XP_003709213.1,No
POR_XP_003709477.1,No
POR_XP_003710461.1,No
POR_XP_003710667.1,No
POR_XP_003710810.1,No
POR_XP_003711202.1,No
POR_XP_003711296.1,No
POR_XP_003711391.1,No
POR_XP_003712313.1,No
POR_XP_003712548.1,No
POR_XP_003713256.1,No
POR_XP_003713325.1,No
POR_XP_003713464.1,No
POR_XP_003713465.1,No
POR_XP_003713707.1,No
POR_XP_003713939.1,No
POR_XP_003714394.1,No
POR_XP_003714555.1,Yes
POR_XP_003715445.1,No
POR_XP_003715609.1,No
POR_XP_003715696.1,No
POR_XP_003716268.1,No
POR_XP_003716785.1,Yes
POR_XP_003716903.1,No
POR_XP_003717332.1,No
POR_XP_003717407.1,No
POR_XP_003718168.1,Yes
POR_XP_003718244.1,No
POR_XP_003719064.1,No
POR_XP_003719427.1,No
POR_XP_003720298.1,No
POR_XP_003720541.1,Yes
POR_XP_003720612.1,No
PRU_jgi_Orpsp1_1_1174097_evm.model.c7180000048892.1,No
PRU_jgi_Orpsp1_1_1174128_evm.model.c7180000049026.1,No
PRU_jgi_Orpsp1_1_1174202_evm.model.c7180000049255.1,No
PRU_jgi_Orpsp1_1_1174365_evm.model.c7180000049830.1,No
PRU_jgi_Orpsp1_1_1174674_evm.model.c7180000050927.1,No
PRU_jgi_Orpsp1_1_1174735_evm.model.c7180000051208.1,No
PRU_jgi_Orpsp1_1_1174935_evm.model.c7180000052010.1,No
PRU_jgi_Orpsp1_1_1174939_evm.model.c7180000052017.1,No
PRU_jgi_Orpsp1_1_1174941_evm.model.c7180000052027.1,No
PRU_jgi_Orpsp1_1_1174970_evm.model.c7180000052169.1,No
PRU_jgi_Orpsp1_1_1175005_evm.model.c7180000052288.1,No
PRU_jgi_Orpsp1_1_1175207_evm.model.c7180000053001.1,No
PRU_jgi_Orpsp1_1_1175221_evm.model.c7180000053075.1,No
PRU_jgi_Orpsp1_1_1175263_evm.model.c7180000053206.1,No
PRU_jgi_Orpsp1_1_1175303_evm.model.c7180000053341.1,Yes
PRU_jgi_Orpsp1_1_1175315_evm.model.c7180000053384.1,No
PRU_jgi_Orpsp1_1_1175496_evm.model.c7180000054094.1,No
PRU_jgi_Orpsp1_1_1176045_evm.model.c7180000056198.1,No
PRU_jgi_Orpsp1_1_1176102_evm.model.c7180000056410.1,No
PRU_jgi_Orpsp1_1_1176283_evm.model.c7180000057033.1,Yes
PRU_jgi_Orpsp1_1_1176284_evm.model.c7180000057039.1,No
PRU_jgi_Orpsp1_1_1176285_evm.model.c7180000057040.1,No
PRU_jgi_Orpsp1_1_1176303_evm.model.c7180000057129.2,No
PRU_jgi_Orpsp1_1_1176316_evm.model.c7180000057158.1,No
PRU_jgi_Orpsp1_1_1176343_evm.model.c7180000057256.1,No
PRU_jgi_Orpsp1_1_1176377_evm.model.c7180000057371.1,No
PRU_jgi_Orpsp1_1_1176383_evm.model.c7180000057385.1,No
PRU_jgi_Orpsp1_1_1176522_evm.model.c7180000057932.1,No
PRU_jgi_Orpsp1_1_1176850_evm.model.c7180000059258.1,No
PRU_jgi_Orpsp1_1_1176933_evm.model.c7180000059546.1,No
PRU_jgi_Orpsp1_1_1176975_evm.model.c7180000059703.1,No
PRU_jgi_Orpsp1_1_1177178_evm.model.c7180000060467.1,No
PRU_jgi_Orpsp1_1_1177211_evm.model.c7180000060579.1,No
PRU_jgi_Orpsp1_1_1177481_evm.model.c7180000061604.1,No
PRU_jgi_Orpsp1_1_1177501_evm.model.c7180000061679.1,Yes
PRU_jgi_Orpsp1_1_1177530_evm.model.c7180000061824.1,Yes
PRU_jgi_Orpsp1_1_1177561_evm.model.c7180000061923.1,No
PRU_jgi_Orpsp1_1_1177599_evm.model.c7180000062075.1,No
PRU_jgi_Orpsp1_1_1177608_evm.model.c7180000062124.1,No
PRU_jgi_Orpsp1_1_1177615_evm.model.c7180000062149.1,No
PRU_jgi_Orpsp1_1_1177652_evm.model.c7180000062316.1,No
PRU_jgi_Orpsp1_1_1177717_evm.model.c7180000062567.1,No
PRU_jgi_Orpsp1_1_1177725_evm.model.c7180000062600.1,No
PRU_jgi_Orpsp1_1_1177742_evm.model.c7180000062650.1,No
PRU_jgi_Orpsp1_1_1177798_evm.model.c7180000062897.1,No
PRU_jgi_Orpsp1_1_1177837_evm.model.c7180000063059.1,No
PRU_jgi_Orpsp1_1_1177888_evm.model.c7180000063223.1,No
PRU_jgi_Orpsp1_1_1177957_evm.model.c7180000063519.1,No
PRU_jgi_Orpsp1_1_1178149_evm.model.c7180000064218.1,Yes
PRU_jgi_Orpsp1_1_1178177_evm.model.c7180000064335.1,No
PRU_jgi_Orpsp1_1_1178286_evm.model.c7180000064716.1,No
PRU_jgi_Orpsp1_1_1178318_evm.model.c7180000064823.1,No
PRU_jgi_Orpsp1_1_1178361_evm.model.c7180000065000.2,No
PRU_jgi_Orpsp1_1_1178402_evm.model.c7180000065129.1,No
PRU_jgi_Orpsp1_1_1178477_evm.model.c7180000065466.1,No
PRU_jgi_Orpsp1_1_1178591_evm.model.c7180000065966.1,Yes
PRU_jgi_Orpsp1_1_1178592_evm.model.c7180000065967.1,No
PRU_jgi_Orpsp1_1_1178605_evm.model.c7180000066028.1,No
PRU_jgi_Orpsp1_1_1178674_evm.model.c7180000066294.1,No
PRU_jgi_Orpsp1_1_1178757_evm.model.c7180000066629.1,No
PRU_jgi_Orpsp1_1_1178780_evm.model.c7180000066708.1,No
PRU_jgi_Orpsp1_1_1178852_evm.model.c7180000066964.1,No
PRU_jgi_Orpsp1_1_1178853_evm.model.c7180000066964.2,No
PRU_jgi_Orpsp1_1_1178904_evm.model.c7180000067168.1,No
PRU_jgi_Orpsp1_1_1179010_evm.model.c7180000067566.1,No
PRU_jgi_Orpsp1_1_1179124_evm.model.c7180000068034.1,No
PRU_jgi_Orpsp1_1_1179248_evm.model.c7180000068602.1,No
PRU_jgi_Orpsp1_1_1179413_evm.model.c7180000069236.1,No
PRU_jgi_Orpsp1_1_1179501_evm.model.c7180000069556.1,No
PRU_jgi_Orpsp1_1_1179675_evm.model.c7180000070299.1,No
PRU_jgi_Orpsp1_1_1179755_evm.model.c7180000070662.1,No
PRU_jgi_Orpsp1_1_1179795_evm.model.c7180000070759.1,No
PRU_jgi_Orpsp1_1_1179931_evm.model.c7180000071410.1,No
PRU_jgi_Orpsp1_1_1180068_evm.model.c7180000072012.1,Yes
PRU_jgi_Orpsp1_1_1180163_evm.model.c7180000072366.1,Yes
PRU_jgi_Orpsp1_1_1180170_evm.model.c7180000072378.1,No
PRU_jgi_Orpsp1_1_1180200_evm.model.c7180000072496.1,No
PRU_jgi_Orpsp1_1_1180201_evm.model.c7180000072496.2,No
PRU_jgi_Orpsp1_1_1180231_evm.model.c7180000072585.1,No
PRU_jgi_Orpsp1_1_1180378_evm.model.c7180000073148.1,No
PRU_jgi_Orpsp1_1_1180589_evm.model.c7180000074007.1,No
PRU_jgi_Orpsp1_1_1180594_evm.model.c7180000074024.1,Yes
PRU_jgi_Orpsp1_1_1180725_evm.model.c7180000074439.1,No
PRU_jgi_Orpsp1_1_1180774_evm.model.c7180000074592.2,No
PRU_jgi_Orpsp1_1_1180880_evm.model.c7180000074982.1,Yes
PRU_jgi_Orpsp1_1_1180976_evm.model.c7180000075322.1,No
PRU_jgi_Orpsp1_1_1181003_evm.model.c7180000075466.1,No
PRU_jgi_Orpsp1_1_1181066_evm.model.c7180000075698.1,No
PRU_jgi_Orpsp1_1_1181303_evm.model.c7180000076675.1,No
PRU_jgi_Orpsp1_1_1181437_evm.model.c7180000077209.1,No
PRU_jgi_Orpsp1_1_1181526_evm.model.c7180000077511.1,No
PRU_jgi_Orpsp1_1_1181606_evm.model.c7180000077892.1,Yes
PRU_jgi_Orpsp1_1_1181647_evm.model.c7180000078041.1,No
PRU_jgi_Orpsp1_1_1181857_evm.model.c7180000078893.2,Yes
PRU_jgi_Orpsp1_1_1181863_evm.model.c7180000078913.1,No
PRU_jgi_Orpsp1_1_1181902_evm.model.c7180000079077.1,Yes
PRU_jgi_Orpsp1_1_1181911_evm.model.c7180000079118.1,No
PRU_jgi_Orpsp1_1_1181943_evm.model.c7180000079212.1,Yes
PRU_jgi_Orpsp1_1_1181999_evm.model.c7180000079479.1,Yes
PRU_jgi_Orpsp1_1_1182117_evm.model.c7180000079958.2,Yes
PRU_jgi_Orpsp1_1_1182298_evm.model.c7180000080716.1,No
PRU_jgi_Orpsp1_1_1182342_evm.model.c7180000080888.1,No
PRU_jgi_Orpsp1_1_1182455_evm.model.c7180000081331.1,No
PRU_jgi_Orpsp1_1_1182478_evm.model.c7180000081441.1,No
PRU_jgi_Orpsp1_1_1182596_evm.model.c7180000081926.1,No
PRU_jgi_Orpsp1_1_1182731_evm.model.c7180000082476.1,No
PRU_jgi_Orpsp1_1_1182784_evm.model.c7180000082648.1,No
PRU_jgi_Orpsp1_1_1182904_evm.model.c7180000083127.1,No
PRU_jgi_Orpsp1_1_1183044_evm.model.c7180000083647.1,No
PRU_jgi_Orpsp1_1_1183151_evm.model.c7180000084102.1,No
PRU_jgi_Orpsp1_1_1183248_evm.model.c7180000084419.1,No
PRU_jgi_Orpsp1_1_1183381_evm.model.c7180000084925.1,Yes
PRU_jgi_Orpsp1_1_1183574_evm.model.c7180000085781.1,No
PRU_jgi_Orpsp1_1_1183575_evm.model.c7180000085783.1,No
PRU_jgi_Orpsp1_1_1183628_evm.model.c7180000086032.1,No
PRU_jgi_Orpsp1_1_1183808_evm.model.c7180000086782.1,No
PRU_jgi_Orpsp1_1_1183987_evm.model.c7180000087526.1,No
PRU_jgi_Orpsp1_1_1183991_evm.model.c7180000087537.1,No
PRU_jgi_Orpsp1_1_1184037_evm.model.c7180000087751.1,No
PRU_jgi_Orpsp1_1_1184112_evm.model.c7180000088058.1,No
PRU_jgi_Orpsp1_1_1184152_evm.model.c7180000088232.1,No
PRU_jgi_Orpsp1_1_1184861_evm.model.c7180000091295.1,No
PRU_jgi_Orpsp1_1_1184930_evm.model.c7180000091625.1,No
PRU_jgi_Orpsp1_1_1184956_evm.model.c7180000091709.1,No
PRU_jgi_Orpsp1_1_1185147_evm.model.c7180000092511.1,No
PRU_jgi_Orpsp1_1_1185330_evm.model.c7180000093287.1,No
PRU_jgi_Orpsp1_1_1185558_evm.model.c7180000094363.1,No
PRU_jgi_Orpsp1_1_1185671_evm.model.c7180000094801.1,No
PRU_jgi_Orpsp1_1_1185793_evm.model.c7180000095317.1,No
PRU_jgi_Orpsp1_1_1185800_evm.model.c7180000095349.1,No
PRU_jgi_Orpsp1_1_1185862_evm.model.c7180000095676.1,No
PRU_jgi_Orpsp1_1_1185973_evm.model.c7180000096272.1,No
PRU_jgi_Orpsp1_1_1186041_evm.model.c7180000096599.1,No
PRU_jgi_Orpsp1_1_1186105_evm.model.c7180000096916.1,Yes
PRU_jgi_Orpsp1_1_1186148_evm.model.c7180000097240.1,No
PRU_jgi_Orpsp1_1_1186194_evm.model.d7180000048808.1,No
PRU_jgi_Orpsp1_1_1186256_evm.model.d7180000049223.1,No
PRU_jgi_Orpsp1_1_1186348_evm.model.d7180000049916.1,No
PRU_jgi_Orpsp1_1_1186349_evm.model.d7180000049916.2,No
PRU_jgi_Orpsp1_1_1186527_evm.model.d7180000051215.1,No
PRU_jgi_Orpsp1_1_1186537_evm.model.d7180000051309.1,No
PRU_jgi_Orpsp1_1_1186548_evm.model.d7180000051400.1,No
PRU_jgi_Orpsp1_1_1186565_evm.model.d7180000051545.1,No
PRU_jgi_Orpsp1_1_1186717_evm.model.d7180000052762.1,No
PRU_jgi_Orpsp1_1_1186910_evm.model.d7180000054053.1,No
PRU_jgi_Orpsp1_1_1186991_evm.model.d7180000054674.1,No
PRU_jgi_Orpsp1_1_1187484_evm.model.d7180000058061.1,No
PRU_jgi_Orpsp1_1_1187635_evm.model.d7180000059135.1,No
PRU_jgi_Orpsp1_1_1187959_evm.model.d7180000061465.1,No
PRU_jgi_Orpsp1_1_1187975_evm.model.d7180000061567.1,No
PRU_jgi_Orpsp1_1_1188090_evm.model.d7180000062386.1,No
PRU_jgi_Orpsp1_1_1188096_evm.model.d7180000062407.1,No
PRU_jgi_Orpsp1_1_1188200_evm.model.d7180000063152.1,No
PRU_jgi_Orpsp1_1_1188210_evm.model.d7180000063222.1,No
PRU_jgi_Orpsp1_1_1188277_evm.model.d7180000063587.1,No
PRU_jgi_Orpsp1_1_1188535_evm.model.d7180000065562.1,No
PRU_jgi_Orpsp1_1_1188730_evm.model.d7180000066803.1,No
PRU_jgi_Orpsp1_1_1188758_evm.model.d7180000067004.1,No
PRU_jgi_Orpsp1_1_1188777_evm.model.d7180000067086.1,No
PRU_jgi_Orpsp1_1_1188780_evm.model.d7180000067114.1,Yes
PRU_jgi_Orpsp1_1_1188808_evm.model.d7180000067340.2,No
PRU_jgi_Orpsp1_1_1188859_evm.model.d7180000067743.1,No
PRU_jgi_Orpsp1_1_1189496_evm.model.d7180000072449.1,No
PRU_jgi_Orpsp1_1_1189552_evm.model.d7180000072822.1,No
PRU_jgi_Orpsp1_1_1189589_evm.model.d7180000073068.1,No
PRU_jgi_Orpsp1_1_1189608_evm.model.d7180000073212.1,No
PRU_jgi_Orpsp1_1_1189614_evm.model.d7180000073249.1,No
PRU_jgi_Orpsp1_1_1189758_evm.model.d7180000074221.1,No
PRU_jgi_Orpsp1_1_1190056_evm.model.d7180000076360.1,No
PRU_jgi_Orpsp1_1_1190081_evm.model.d7180000076477.1,No
PRU_jgi_Orpsp1_1_1190099_evm.model.d7180000076572.1,No
PRU_jgi_Orpsp1_1_1190807_evm.model.d7180000081332.1,No
PRU_jgi_Orpsp1_1_1190857_evm.model.d7180000081699.1,No
PRU_jgi_Orpsp1_1_1190895_evm.model.d7180000081927.1,No
PRU_jgi_Orpsp1_1_1190965_evm.model.d7180000082537.1,No
PRU_jgi_Orpsp1_1_1191127_evm.model.d7180000083642.1,No
PRU_jgi_Orpsp1_1_1191367_evm.model.d7180000085196.1,No
PRU_jgi_Orpsp1_1_1191494_evm.model.d7180000086322.1,No
PRU_jgi_Orpsp1_1_1192009_evm.model.d7180000089965.1,No
PRU_jgi_Orpsp1_1_1192089_evm.model.d7180000090535.1,No
PRU_jgi_Orpsp1_1_1192235_evm.model.d7180000091609.1,No
PRU_jgi_Orpsp1_1_1192242_evm.model.d7180000091646.1,No
PRU_jgi_Orpsp1_1_1192248_evm.model.d7180000091696.1,No
PRU_jgi_Orpsp1_1_1192377_evm.model.d7180000092750.1,No
PRU_jgi_Orpsp1_1_1192704_evm.model.d7180000095281.1,No
PRU_jgi_Orpsp1_1_1192811_evm.model.d7180000096050.1,No
PRU_jgi_Orpsp1_1_1192931_evm.model.d7180000096991.1,No
PSA_PJF17278.1,No
PSA_PJF17525.1,No
PSA_PJF18289.1,No
PSA_PJF18775.1,No
PSA_PJF19020.1,No
RAL_EPZ31047.1,No
RAL_EPZ31093.1,No
RAL_EPZ32008.1,No
RAL_EPZ32195.1,No
RAL_EPZ32281.1,No
RAL_EPZ32734.1,No
RAL_EPZ34918.1,No
RAL_EPZ34924.1,No
RAL_EPZ35507.1,No
RAL_EPZ35661.1,No
RIR_XP_025174250.1,No
RIR_XP_025164603.1,No
RIR_XP_025167256.1,No
RIR_XP_025168103.1,No
RIR_XP_025168286.1,No
RIR_XP_025169273.1,Yes
RIR_XP_025170185.1,No
RIR_XP_025170318.1,No
RIR_XP_025170755.1,Yes
RIR_XP_025171537.1,No
RIR_XP_025175158.1,No
RIR_XP_025176220.1,No
RIR_XP_025177017.1,No
RIR_XP_025177097.1,No
RIR_XP_025178134.1,No
RIR_XP_025178365.1,No
RIR_XP_025178496.1,Yes
RIR_XP_025179900.1,Yes
RIR_XP_025181937.1,No
RIR_XP_025181968.1,No
RIR_XP_025182758.1,No
RIR_XP_025182959.1,No
RIR_XP_025183401.1,No
RIR_XP_025183624.1,No
RIR_XP_025184061.1,No
RIR_XP_025184107.1,No
RIR_XP_025184894.1,No
RIR_XP_025185389.1,No
RIR_XP_025187438.1,Yes
RIR_XP_025187667.1,No
RIR_XP_025188535.1,No
RIR_XP_025189029.1,No
RIR_XP_025189290.1,No
RIR_XP_025189785.1,No
RMI_XP_023460957.1,No
RMI_XP_023461341.1,No
RMI_XP_023461598.1,No
RMI_XP_023461771.1,Yes
RMI_XP_023462804.1,No
RMI_XP_023462805.1,No
RMI_XP_023462999.1,No
RMI_XP_023463157.1,No
RMI_XP_023463527.1,No
RMI_XP_023464313.1,No
RMI_XP_023464376.1,No
RMI_XP_023464528.1,No
RMI_XP_023465715.1,No
RMI_XP_023465855.1,No
RMI_XP_023466654.1,No
RMI_XP_023466713.1,No
RMI_XP_023466817.1,No
RMI_XP_023466868.1,No
RMI_XP_023467407.1,No
RMI_XP_023467812.1,No
RMI_XP_023467891.1,No
RMI_XP_023468162.1,No
RMI_XP_023468395.1,No
SCE_NP_009469.2,No
SCE_NP_010667.1,No
SCE_NP_011854.1,No
SCE_NP_012293.3,No
SCE_NP_013515.3,No
SCE_NP_013635.1,No
SCE_NP_014910.1,No
SCE_NP_116603.1,No
SCO_NP_625115.1,No
SCO_NP_628537.1,No
SCO_NP_630999.1,No
SCO_NP_631615.1,No
SCO_NP_733680.1,No
SPU_XP_016604893.1,No
SPU_XP_016604900.1,No
SPU_XP_016605999.1,No
SPU_XP_016606241.1,No
SPU_XP_016607013.1,No
SPU_XP_016607955.1,No
SPU_XP_016608191.1,No
SPU_XP_016608548.1,No
SPU_XP_016608549.1,No
SPU_XP_016610569.1,No
SPU_XP_016611928.1,No
SPU_XP_016612322.1,Yes
SPU_XP_016612341.1,No
SPU_XP_016613134.1,Yes
SST_KIJ22510.1,No
SST_KIJ22522.1,No
SST_KIJ22924.1,No
SST_KIJ23317.1,No
SST_KIJ23716.1,No
SST_KIJ23892.1,No
SST_KIJ24468.1,No
SST_KIJ25017.1,No
SST_KIJ25024.1,No
SST_KIJ25094.1,No
SST_KIJ25107.1,No
SST_KIJ25108.1,No
SST_KIJ25109.1,No
SST_KIJ25111.1,No
SST_KIJ25112.1,No
SST_KIJ25836.1,No
SST_KIJ25837.1,No
SST_KIJ25843.1,No
SST_KIJ25844.1,No
SST_KIJ26544.1,No
SST_KIJ27679.1,No
SST_KIJ27926.1,No
SST_KIJ27927.1,No
SST_KIJ27928.1,No
SST_KIJ27929.1,No
SST_KIJ28119.1,No
SST_KIJ28120.1,No
SST_KIJ28121.1,No
SST_KIJ28123.1,No
SST_KIJ28124.1,No
SST_KIJ28126.1,No
SST_KIJ28287.1,No
SST_KIJ28292.1,No
SST_KIJ28295.1,No
SST_KIJ28430.1,No
SST_KIJ28433.1,No
SST_KIJ28566.1,No
SST_KIJ29211.1,No
SST_KIJ29212.1,No
SST_KIJ29213.1,No
SST_KIJ29214.1,No
SST_KIJ29215.1,No
SST_KIJ29277.1,No
SST_KIJ29370.1,No
SST_KIJ29927.1,No
SST_KIJ29928.1,No
SST_KIJ29994.1,No
SST_KIJ31599.1,No
SST_KIJ31767.1,No
SST_KIJ32252.1,No
SST_KIJ32616.1,No
SST_KIJ32703.1,No
SST_KIJ33018.1,No
SST_KIJ33381.1,No
SST_KIJ33387.1,No
SST_KIJ33388.1,No
SST_KIJ33684.1,Yes
SST_KIJ33725.1,No
SST_KIJ33986.1,No
SST_KIJ34182.1,No
SST_KIJ34954.1,No
SST_KIJ35372.1,No
SST_KIJ35373.1,No
SST_KIJ38284.1,No
SST_KIJ38285.1,No
SST_KIJ38428.1,No
SST_KIJ38656.1,No
SST_KIJ38657.1,No
SST_KIJ38668.1,No
SST_KIJ38674.1,No
SST_KIJ38679.1,No
SST_KIJ38682.1,No
SST_KIJ38746.1,No
SST_KIJ39711.1,Yes
SST_KIJ39868.1,Yes
SST_KIJ40030.1,No
SST_KIJ40368.1,No
SST_KIJ40446.1,No
SST_KIJ41341.1,No
SST_KIJ41342.1,No
SST_KIJ41343.1,No
SST_KIJ41356.1,No
SST_KIJ41357.1,No
SST_KIJ42472.1,No
SST_KIJ43462.1,No
SST_KIJ43469.1,No
SST_KIJ43735.1,No
SST_KIJ43881.1,No
SST_KIJ43887.1,No
SST_KIJ43890.1,No
SST_KIJ43894.1,No
SST_KIJ45031.1,No
SST_KIJ45038.1,No
SST_KIJ45203.1,No
SST_KIJ45393.1,No
SST_KIJ45439.1,No
SST_KIJ46086.1,No
SST_KIJ46256.1,No
SST_KIJ46686.1,No
SST_KIJ46687.1,No
SST_KIJ47061.1,No
SST_KIJ47093.1,No
SST_KIJ47879.1,No
SST_KIJ47881.1,No
SST_KIJ48152.1,No
SST_KIJ48246.1,No
SST_KIJ48247.1,No
SST_KIJ48249.1,No
SST_KIJ48250.1,No
SST_KIJ48481.1,No
SST_KIJ48484.1,No
SST_KIJ48486.1,No
SST_KIJ48487.1,No
SST_KIJ48488.1,No
SST_KIJ48493.1,No
SST_KIJ48496.1,No
SST_KIJ48499.1,No
SST_KIJ48500.1,No
SST_KIJ48513.1,No
SST_KIJ48514.1,No
SST_KIJ48515.1,No
SST_KIJ48516.1,No
SST_KIJ48517.1,No
SST_KIJ48518.1,No
SST_KIJ48522.1,No
SST_KIJ48525.1,No
SST_KIJ49687.1,No
SST_KIJ49960.1,No
SST_KIJ49983.1,No
SST_KIJ50778.1,No
SST_KIJ51183.1,No
SST_KIJ51344.1,No
SST_KIJ51882.1,No
SST_KIJ51965.1,No
SST_KIJ53816.1,No
SST_KIJ53817.1,No
SST_KIJ53975.1,No
SST_KIJ53977.1,No
SST_KIJ55553.1,No
SST_KIJ57419.1,No
SST_KIJ22509.1,No
SST_KIJ25113.1,No
SST_KIJ25838.1,No
SST_KIJ27070.1,No
SST_KIJ27960.1,No
SST_KIJ28306.1,No
SST_KIJ29993.1,No
SST_KIJ32704.1,No
SST_KIJ33019.1,No
SST_KIJ38659.1,No
SST_KIJ38673.1,No
SST_KIJ43517.1,No
SST_KIJ43733.1,No
SST_KIJ43880.1,No
SST_KIJ43882.1,No
SST_KIJ46052.1,No
SST_KIJ47617.1,No
SST_KIJ48245.1,No
SST_KIJ48492.1,No
SST_KIJ48494.1,No
SST_KIJ49237.1,No
SST_KIJ50777.1,No
SST_KIJ50779.1,No
SST_KIJ51363.1,No
SST_KIJ51859.1,No
SST_KIJ54660.1,No
SST_KIJ24675.1,No
THA_XP_024767883.1,No
THA_XP_024773602.1,No
THA_XP_024776623.1,No
THA_XP_024777851.1,No
THA_XP_024780126.1,No
THA_XP_024780278.1,No
THA_XP_024767192.1,No
THA_XP_024767940.1,Yes
THA_XP_024768068.1,No
THA_XP_024768069.1,No
THA_XP_024768118.1,No
THA_XP_024768150.1,No
THA_XP_024768788.1,No
THA_XP_024769761.1,Yes
THA_XP_024769896.1,No
THA_XP_024769897.1,No
THA_XP_024770052.1,No
THA_XP_024770302.1,Yes
THA_XP_024770532.1,No
THA_XP_024771141.1,No
THA_XP_024771412.1,No
THA_XP_024771462.1,Yes
THA_XP_024772090.1,No
THA_XP_024772805.1,No
THA_XP_024773117.1,Yes
THA_XP_024774096.1,No
THA_XP_024774506.1,Yes
THA_XP_024775029.1,No
THA_XP_024775702.1,No
THA_XP_024775955.1,Yes
THA_XP_024776556.1,Yes
THA_XP_024777186.1,No
THA_XP_024778914.1,No
THA_XP_024779161.1,No
THA_XP_024779571.1,No
THA_XP_024779851.1,No
THA_XP_024780486.1,No
THA_XP_024771806.1,No
THA_XP_024779844.1,No
TMA_KAF8218447.1,No
TMA_KAF8218574.1,No
TMA_KAF8218827.1,No
TMA_KAF8220143.1,No
TMA_KAF8220602.1,No
TMA_KAF8220611.1,No
TMA_KAF8220692.1,No
TMA_KAF8220914.1,No
TMA_KAF8220946.1,No
TMA_KAF8221802.1,No
TMA_KAF8222347.1,No
TMA_KAF8223780.1,No
TMA_KAF8224738.1,No
TMA_KAF8225742.1,No
TMA_KAF8225790.1,No
TMA_KAF8226312.1,No
TMA_KAF8227161.1,No
TMA_KAF8227592.1,No
TMA_KAF8227787.1,No
TMA_KAF8228349.1,No
TMA_KAF8228350.1,No
TMA_KAF8228375.1,No
TMA_KAF8229519.1,No
TMA_KAF8229859.1,No
TMA_KAF8230137.1,No
TMA_KAF8231076.1,Yes
TMA_KAF8231641.1,No
TMA_KAF8232807.1,Yes
TMA_KAF8233107.1,No
TMA_KAF8234245.1,No
TMA_KAF8234731.1,No
TMA_KAF8235005.1,No
TMA_KAF8235122.1,No
TMA_KAF8235457.1,No
TMA_KAF8235714.1,No
TMA_KAF8236060.1,No
TMA_KAF8236276.1,No
TMA_KAF8237072.1,No
TMA_KAF8237174.1,No
TMA_KAF8237776.1,No
TMA_KAF8238464.1,No
TMA_KAF8238824.1,No
TMA_KAF8238974.1,No
TMA_KAF8239593.1,No
TMA_KAF8239700.1,No
TMA_KAF8239817.1,No
TMA_KAF8240271.1,No
TMA_KAF8240499.1,No
TMA_KAF8240924.1,No
TMA_KAF8241131.1,No
TMA_KAF8241160.1,No
UMA_XP_011386184.1,Yes
UMA_XP_011388041.1,No
UMA_XP_011389080.1,No
UMA_XP_011389838.1,No
UMA_XP_011390519.1,Yes
UMA_XP_011391123.1,No
UMA_XP_011391376.1,No
URA_jgi_Umbra1_223278_fgenesh1_kg.5___642___combest_scaffold_5_102600,No
URA_jgi_Umbra1_224472_fgenesh1_kg.6___577___combest_scaffold_6_117588,No
URA_jgi_Umbra1_227208_fgenesh1_kg.9___269___combest_scaffold_9_145008,No
URA_jgi_Umbra1_228289_fgenesh1_kg.10___424___combest_scaffold_10_6233,Yes
URA_jgi_Umbra1_228923_fgenesh1_kg.11___221___combest_scaffold_11_9992,No
URA_jgi_Umbra1_234273_fgenesh1_kg.17___301___combest_scaffold_17_29532,Yes
URA_jgi_Umbra1_237142_fgenesh1_kg.21___340___combest_scaffold_21_44641,No
URA_jgi_Umbra1_211524_estExt_Genewise1Plus.C_390003,No
URA_jgi_Umbra1_250883_fgenesh1_kg.47___81___combest_scaffold_47_97230,Yes
URA_jgi_Umbra1_252380_fgenesh1_kg.50___310___combest_scaffold_50_105325,No
URA_jgi_Umbra1_255715_fgenesh1_kg.60___130___combest_scaffold_60_119021,Yes
URA_jgi_Umbra1_256302_fgenesh1_kg.62___162___combest_scaffold_62_120827,No
URA_jgi_Umbra1_260967_fgenesh1_kg.84___92___combest_scaffold_84_141799,No
URA_jgi_Umbra1_215568_estExt_Genewise1Plus.C_860008,Yes
URA_jgi_Umbra1_262730_fgenesh1_kg.100___35___combest_scaffold_100_7588,No
VNO_XP_028491998.1,No
VNO_XP_028493055.1,No
VNO_XP_028493066.1,No
VNO_XP_028496519.1,No
VNO_XP_028497054.1,No
VNO_XP_028491402.1,Yes
VNO_XP_028491501.1,No
VNO_XP_028491691.1,No
VNO_XP_028492308.1,No
VNO_XP_028492781.1,No
VNO_XP_028493266.1,Yes
VNO_XP_028493846.1,No
VNO_XP_028494373.1,No
VNO_XP_028494440.1,Yes
VNO_XP_028495148.1,Yes
VNO_XP_028495153.1,No
VNO_XP_028495482.1,Yes
VNO_XP_028495486.1,No
VNO_XP_028495746.1,Yes
VNO_XP_028495798.1,No
VNO_XP_028496133.1,No
VNO_XP_028496936.1,No
VNO_XP_028497928.1,No
VNO_XP_028498567.1,No
VNO_XP_028499451.1,No